{
    "_id": {
        "$oid": "5fdfbe4ad6c65139288e4342"
    },
    "name": "Corn and Crab Beignets With Yaji Aioli",
    "description": "This ode to chef BJ Dennis and Gullah Geechee cuisine marries crabmeat with corn kernels for a crispy party starter. ",
    "image": "corn-and-crab-beignets-with-yaji-aioli.jpg",
    "recipeYield": "8 - 10 Servings",
    "recipeIngredient": [
        "\u00bd cup unsalted dry-roasted peanuts",
        "2 Tbsp. ground ginger",
        "1 tsp. cayenne pepper",
        "1 tsp. Diamond Crystal or \u00bd tsp. Morton kosher salt",
        "1 tsp. garlic powder",
        "1 tsp. onion powder",
        "1 tsp. paprika",
        "2 large egg yolks*",
        "1 Tbsp. fresh lemon juice",
        "\u00be cup peanut oil",
        "1 small shallot, finely chopped",
        "1 garlic clove, finely grated",
        "2 Tbsp. thinly sliced chives",
        "Kosher salt",
        "4 Tbsp. unsalted butter",
        "10 oz. frozen corn (about 2 cups)",
        "2 Tbsp. thinly sliced chives",
        "1\u00bd cups all-purpose flour",
        "\u00bd cup cornmeal",
        "2 tsp. baking powder",
        "1\u00bd tsp. Diamond Crystal or \u00be tsp. Morton kosher salt",
        "\u00bd tsp. cayenne pepper",
        "1 large egg, beaten to blend",
        "1 cup buttermilk",
        "8 oz. lump crabmeat, picked over",
        "Vegetable oil (for frying; about 6 cups)",
        "* Raw egg is not recommended for the elderly, pregnant women, people with weakened immune systems\u2026or people who don\u2019t like raw egg.",
        "A deep-fry thermometer"
    ],
    "recipeInstructions": [
        {
            "@type": "HowToStep",
            "text": "Pulse peanuts in a food processor until very finely chopped (be careful not to go too far; if you overprocess, the peanuts will turn into butter). Add ginger, cayenne, salt, garlic powder, onion powder, and paprika and pulse until powderlike.\nDo ahead: Yaji can be made 3 months ahead. Transfer to an airtight container; cover and chill or freeze."
        },
        {
            "@type": "HowToStep",
            "text": "Whisk egg yolks and lemon juice in a medium bowl to combine. Whisking constantly, add oil, starting with just a few drops at a time and gradually increasing to a fine steady stream. Whisk until all of the oil is incorporated and mixture is emulsified, about 4 minutes. Whisk in shallot, garlic, chives, and 1 Tbsp. yaji spice blend. Taste and season with salt.\nDo ahead: Aioli can be made 3 days ahead. Cover and chill."
        },
        {
            "@type": "HowToStep",
            "text": "Melt butter in a medium high-sided skillet over medium heat. Add corn and cook, stirring occasionally, until softened slightly and bright yellow, about 5 minutes. Transfer to a large bowl and stir in chives; let cool."
        },
        {
            "@type": "HowToStep",
            "text": "Meanwhile, whisk flour, cornmeal, baking powder, salt, and cayenne in a medium bowl."
        },
        {
            "@type": "HowToStep",
            "text": "Add egg and buttermilk to corn mixture and stir to combine. Add dry ingredients and stir again just to incorporate, then fold in crabmeat."
        },
        {
            "@type": "HowToStep",
            "text": "Pour in oil to come 1\u00bd\" up sides of a large pot or deep fryer. Fit pot with thermometer and heat oil over medium-high to 350\u00b0. Place a wire rack inside a rimmed baking sheet and line rack with paper towels. Working in 4 or 5 batches, scoop out heaping tablespoons of batter, carefully place in oil (8\u201310 per batch) and fry, turning often, until beignets are golden brown and cooked through, about 5 minutes. Transfer beignets to prepared rack; season with salt."
        },
        {
            "@type": "HowToStep",
            "text": "Serve beignets warm with yaji aioli for dipping."
        }
    ],
    "slug": "corn-and-crab-beignets-with-yaji-aioli",
    "categories": [],
    "tags": [],
    "dateAdded": {
        "$date": 1608422400000
    },
    "notes": [],
    "rating": 5,
    "orgURL": "https://www.bonappetit.com/recipe/corn-and-crab-beignets-with-yaji-aioli",
    "extras": []
}