{
    "_id": {
        "$oid": "5fde4e2cb648409807fecbf4"
    },
    "name": "Detroit-Style Pepperoni Pizza",
    "description": "So you want to make pizza, but it\u2019s your first time. This Detroit-style pizza from Bryan Ford, which uses a half-batch of his Master Dough, is perfect for beginners because you don\u2019t have to shape the dough or wrangle a hot pizza stone. If you don\u2019t have a Detroit pizza pan (its deep sides and black anodized aluminum help achieve a crust that\u2019s fluffy on the inside but crisp all around), that\u2019s okay: Use a 13x9\" baking pan or two 8x8\" baking pans.",
    "image": "detroit-style-pepperoni-pizza.jpg",
    "recipeYield": "Makes 1 large or 2 small",
    "recipeIngredient": [
        "Extra-virgin olive oil (for pan)",
        "Bread flour (for surface)",
        "\u00bd batch (360 g) Master Bread Dough",
        "8 oz. low-moisture mozzarella or brick cheese",
        "\u00be cup store-bought marinara sauce",
        "4 oz. pepperoni, sliced",
        "\u00bd tsp. dried oregano",
        "\u00bd cup (lightly packed) basil leaves"
    ],
    "recipeInstructions": [
        {
            "@type": "HowToStep",
            "text": "To make this recipe, start by preparing a half-batch of the Master Bread Dough."
        },
        {
            "@type": "HowToStep",
            "text": "Lightly brush Detroit-style pizza pan, 13x9\" baking pan, or two 8x8\" pans with extra-virgin olive oil. Lightly flour work surface with bread flour and turn \u00bd batch (360 g) Master Bread Dough out onto surface. If using a Detroit-style pizza pan or a 13x9\" pan, pull edges of dough into the center, then turn over and hold opposite sides of the dough with your hands so the sides of your pinkies are touching the surface and rotate dough, gently working it into a round as you go. If using two 8x8\" pans, divide dough in half and form using the same method as above. Gently transfer dough to prepared pan. Rub dough with oil and cover with a kitchen towel. Let rise in a warm, draft-free spot until dough expands a bit and is smooth and more pliable, about 1 hour."
        },
        {
            "@type": "HowToStep",
            "text": "Meanwhile, cut 8 oz. low-moisture mozzarella or brick cheese into small cubes. You should have 2 heaping cups."
        },
        {
            "@type": "HowToStep",
            "text": "Place a rack in middle of oven; preheat to 450\u00b0. Dimple dough with your fingers, gently pushing out to edges of pan. Scatter cheese evenly over dough all the way to the edges. Spoon \u00be cup store-bought marinara sauce over pizza in three even rows. Next, distribute 4 oz. pepperoni, sliced, evenly over sauce. Sprinkle with \u00bd tsp. dried oregano."
        },
        {
            "@type": "HowToStep",
            "text": "Bake pizza until crust is deep golden brown, 35\u201340 minutes. (You can also check doneness with an instant-read thermometer. It should register 190\u00b0 when inserted into a thick part of the crust.) Remove from oven and top with \u00bd cup (lightly packed) basil leaves. Let cool in pan 5 minutes before slicing."
        }
    ],
    "totalTime": "None",
    "slug": "detroit-style-pepperoni-pizza",
    "categories": [],
    "tags": [],
    "dateAdded": {
        "$date": 1608336000000
    },
    "notes": [],
    "rating": 3,
    "orgURL": "https://www.bonappetit.com/recipe/detroit-style-pepperoni-pizza",
    "extras": []
}