{
    "_id": {
        "$oid": "5fdfbdffd6c65139288e4333"
    },
    "name": "Five Spice Popcorn Chicken",
    "description": "It\u2019s easy to rely on take-out for some of our favorite Chinese dishes. However, with the right pantry staples, dishes like this Five Spice Popcorn Chicken can become part of your go-to arsenal of recipes. This crispy chicken is coated in a creamy, tangy sauce, made zesty with The Spice Hunter Chinese Five Spice, a blend of star anise, cloves, cinnamon, fennel, and black pepper.",
    "image": "five-spice-popcorn-chicken.jpg",
    "recipeYield": "Serves 4 People",
    "recipeIngredient": [
        "1 tablespoon soy sauce",
        "1 tablespoon sugar",
        "1 teaspoon The Spice Hunter\u00ae Chinese Five Spice Blend, plus more for serving",
        "1 clove garlic, finely grated",
        "1 1/2 pounds boneless skinless chicken thighs, cut into roughly 1-inch chunks",
        "\u2153 cup cornstarch",
        "1 large egg, beaten",
        "\u00be cup all-purpose flour",
        "Canola or vegetable oil, for frying",
        "Flaky sea salt",
        "Scallion, thinly sliced, for serving",
        "Sriracha mayonnaise, for serving, optional"
    ],
    "recipeInstructions": [
        {
            "@type": "HowToStep",
            "text": "In a medium bowl, whisk the soy sauce with the sugar, Chinese Five Spice, and garlic. Add the chicken and toss to coat. Let marinate 15 minutes."
        },
        {
            "@type": "HowToStep",
            "text": "Drain any excess marinade off of the chicken and toss the chicken with the cornstarch to coat. Once fully coated, add the beaten egg and toss to coat."
        },
        {
            "@type": "HowToStep",
            "text": "In a large heavy bottomed pot, heat 1-inch of oil to 350."
        },
        {
            "@type": "HowToStep",
            "text": "Place the flour in a large ziploc bag. Working in batches, transfer a few chicken pieces into the bag with the flour and toss to coat, then remove, leaving excess flour in the bag."
        },
        {
            "@type": "HowToStep",
            "text": "Carefully place the breaded chicken in the hot oil and fry, turning occasionally, until golden and cooked through about 3 to 4 minutes."
        },
        {
            "@type": "HowToStep",
            "text": "Using a slotted spoon or spider, transfer the cooked chicken to a paper towel lined plate. Season with salt and additional Chinese Five Spice seasoning. Repeat the flouring and frying with remaining chicken."
        },
        {
            "@type": "HowToStep",
            "text": "Serve with scallions, more Chinese Five Spice Blend, and optional sriracha mayonnaise."
        }
    ],
    "slug": "five-spice-popcorn-chicken",
    "categories": [],
    "tags": [],
    "dateAdded": {
        "$date": 1608422400000
    },
    "notes": [],
    "rating": 3,
    "orgURL": "https://www.bonappetit.com/recipe/five-spice-popcorn-chicken#intcid=_bon-appetit-recipe-bottom-recirc_3cad5ce9-734a-46f8-b503-78c33d2e7279_similar2-3",
    "extras": []
}