{
    "_id": {
        "$oid": "5fdfbdffd6c65139288e4331"
    },
    "name": "Ginger-Citrus Cookies",
    "description": "Blanching the citrus peel in several changes of boiling water removes bitterness while still leaving plenty of bright flavor behind.",
    "image": "ginger-citrus-cookies.jpg",
    "recipeYield": "Makes about 28",
    "recipeIngredient": [
        "2 cups 1\"\u20132\"-wide strips lemon, lime, orange, or grapefruit zest (pith removed)",
        "2 cups granulated sugar",
        "1 tsp. ground ginger",
        "\u00bd tsp. ground cardamom",
        "\u00bd tsp. ground cinnamon",
        "\u00bc tsp. ground cloves",
        "3\u00bd cups all-purpose flour",
        "1 Tbsp. baking soda",
        "1 tsp. Diamond Crystal or \u00bd tsp. Morton kosher salt",
        "\u00bd tsp. freshly ground white pepper",
        "10 Tbsp. unsalted butter, room temperature",
        "1 cup granulated sugar",
        "\u00bd cup (packed) light brown sugar",
        "2 large eggs",
        "\u00be cup mild-flavored (light) molasses"
    ],
    "recipeInstructions": [
        {
            "@type": "HowToStep",
            "text": "Place citrus zest in a medium saucepan and pour in cold water to cover. Bring to a boil; drain. Repeat process 2 more times."
        },
        {
            "@type": "HowToStep",
            "text": "Combine sugar and 2 cups water in same saucepan; bring to a boil, stirring to dissolve sugar. Add citrus zest and bring just to a simmer. Reduce heat to low and simmer very gently until peels are translucent, 30\u201345 minutes. Remove from heat and let citrus zest cool in syrup."
        },
        {
            "@type": "HowToStep",
            "text": "Drain citrus zest and finely chop. Spread out on a rimmed baking sheet; let sit until dry."
        },
        {
            "@type": "HowToStep",
            "text": "Preheat oven to 350\u00b0. Toast ginger, cardamom, cinnamon, and cloves in a small skillet over medium heat, stirring with a wooden spoon, until fragrant, about 2 minutes. Remove from heat."
        },
        {
            "@type": "HowToStep",
            "text": "Sift toasted spices, flour, baking soda, salt, and white pepper into a medium bowl or onto a sheet of wax paper."
        },
        {
            "@type": "HowToStep",
            "text": "Using an electric mixer on medium-high speed, beat butter and both sugars in a large bowl until light and fluffy, about 4 minutes. Add eggs one at a time, beating well after each addition and scraping down sides of bowl as needed. Beat in molasses. Gradually add dry ingredient in 2 batches, beating on low speed to incorporate after each addition. Stir in 1 cup candied citrus peel."
        },
        {
            "@type": "HowToStep",
            "text": "Drop dough by rounded tablespoons between 2 parchment-lined baking sheets, spacing 2\" apart. Bake cookies until tops feel firm when lightly touched, 10\u201312 minutes. Let cool on baking sheets about 2 minutes, then transfer to a wire rack and let cool completely."
        }
    ],
    "slug": "ginger-citrus-cookies",
    "categories": [],
    "tags": [],
    "dateAdded": {
        "$date": 1608422400000
    },
    "notes": [],
    "rating": 3,
    "orgURL": "https://www.bonappetit.com/recipe/ginger-citrus-cookies",
    "extras": []
}