{
    "_id": {
        "$oid": "5fdfbdffd6c65139288e432d"
    },
    "name": "One-Pot Chicken and Rice",
    "description": "We took loose inspiration from Hainanese chicken rice to create this weeknight-friendly dish that retains the comforting and fragrant qualities of the beloved original. Seek out the highest-quality basmati rice you can find (we recommend Daawat brand)\u2014it will make a world of difference in yielding supremely fluffy, evenly cooked rice.",
    "image": "one-pot-chicken-and-rice.jpg",
    "recipeYield": "6 servings",
    "recipeIngredient": [
        "6 small skin-on, bone-in chicken thighs (about 3 lb.)",
        "\u00be tsp. kosher salt, plus more",
        "2 large shallots, finely chopped",
        "8 garlic cloves, finely chopped",
        "1 2\" piece ginger, peeled, finely chopped",
        "2 cups high-quality basmati rice, rinsed",
        "2 whole star anise",
        "1 Tbsp. soy sauce",
        "\u00bd cup creamy peanut butter",
        "2 Tbsp. soy sauce",
        "2 Tbsp. unseasoned rice vinegar",
        "5 tsp. Sriracha",
        "1 1\" piece ginger, peeled, finely chopped",
        "1\u00bd tsp. honey",
        "1 English hothouse cucumber, halved lengthwise, thinly sliced on a diagonal",
        "1 cup cilantro leaves with tender stems"
    ],
    "recipeInstructions": [
        {
            "@type": "HowToStep",
            "text": "Pat chicken dry and season all over with salt. Arrange, skin side down, in a cold, dry medium Dutch oven and set over medium heat. Cook, undisturbed, until skin is golden brown and crisp and easily releases from pot, 8\u201310 minutes. Slide thighs around to different spots (this will ensure even browning) and continue to cook until deeply browned, 3\u20135 minutes longer. Transfer chicken to a plate. Let pot cool 2 minutes."
        },
        {
            "@type": "HowToStep",
            "text": "Set pot over medium-low heat; add shallots, garlic, and ginger and cook, stirring constantly, until very fragrant but not browned, about 2 minutes. Stir in rice and star anise and cook, stirring constantly, 1 minute. Stir in soy sauce, \u00be tsp. salt, and 3 cups water. Nestle chicken back into rice mixture in pot, arranging skin side up. Increase heat to medium and bring liquid to a simmer. Immediately cover pot, reduce heat to low, and cook 25 minutes. Remove from heat and let chicken and rice sit 10 minutes."
        },
        {
            "@type": "HowToStep",
            "text": "While the chicken and rice are cooking, make the sauce. Whisk peanut butter, soy sauce, vinegar, Sriracha, ginger, honey, and \u00bc cup warm water in a small bowl until smooth and pourable. If sauce still looks a little thick, continuing adding water until it reaches a drizzle-able consistency."
        },
        {
            "@type": "HowToStep",
            "text": "Remove lid from pot and fluff rice with a fork. Pluck out and discard star anise. Serve chicken and rice with peanut sauce, cucumber, and cilantro alongside."
        },
        {
            "@type": "HowToStep",
            "text": "Do Ahead: Sauce can be made 3 days ahead. Cover and chill."
        }
    ],
    "slug": "one-pot-chicken-and-rice",
    "categories": [],
    "tags": [],
    "dateAdded": {
        "$date": 1608422400000
    },
    "notes": [],
    "rating": 0,
    "orgURL": "https://www.bonappetit.com/recipe/one-pot-chicken-and-rice#intcid=_bon-appetit-recipe-bottom-recirc_ee10e70e-8f95-4252-8065-3acbde6d4d31_similar2-3",
    "extras": []
}