{
    "_id": {
        "$oid": "5fdfbdffd6c65139288e432c"
    },
    "name": "Pizzettes",
    "description": "Not to be confused with wafer-thin waffled pizzelles, this rich brownie-like cookie packed with warm spices is exactly the opposite.",
    "image": "pizzettes.jpg",
    "recipeYield": "Makes about 20",
    "recipeIngredient": [
        "\u00be cup raw skin-on almonds",
        "1\u00bd cups (188 g) all-purpose flour",
        "1 tsp. baking powder",
        "\u00bd tsp. Diamond Crystal or \u00bc tsp. Morton kosher salt",
        "\u00bd cup (1 stick) unsalted butter",
        "\u00be tsp. ground cinnamon",
        "\u00bd tsp. ground cloves",
        "\u00bd tsp. ground nutmeg",
        "\u00bd cup (100 g) granulated sugar",
        "\u00bc cup Dutch-process cocoa powder",
        "1 large egg",
        "1 large egg yolk",
        "4 oz. bittersweet chocolate chips (about 1 heaping cup)",
        "1 tsp. finely grated lemon zest",
        "1 tsp. finely grated orange zest",
        "2 oz. bittersweet chocolate",
        "2 tsp. unsalted butter",
        "\u2154 cup (75 g) powdered sugar",
        "Pinch of kosher salt"
    ],
    "recipeInstructions": [
        {
            "@type": "HowToStep",
            "text": "Place racks in upper and lower thirds of oven; preheat to 350\u00b0. Toast almonds on a rimmed baking sheet, tossing once, until slightly darkened in color and fragrant, 7\u201310 minutes. Let cool, then finely chop. Set aside. Increase oven temperature to 375\u00b0."
        },
        {
            "@type": "HowToStep",
            "text": "Meanwhile, whisk flour, baking powder, and salt in a medium bowl. Melt butter in a medium saucepan over medium heat. Stir in cinnamon, cloves, and nutmeg. Remove from heat and let sit 5 minutes to infuse."
        },
        {
            "@type": "HowToStep",
            "text": "Whisk granulated sugar and cocoa powder in a large bowl. Pour in spiced butter, scraping pan so you don\u2019t leave any spices behind, and whisk vigorously to combine. Add egg and egg yolk; whisk vigorously to combine. Mix in dry ingredients, then almonds, chocolate chips, lemon zest, and orange zest. Turn out onto a clean surface. Divide in half, then roll each half into a log about 1\u00bd\" wide. Flatten logs to 2\" wide and slice on a diagonal into 1\"-wide cookies. Divide between 2 parchment-lined baking sheets, spacing at least 1\" apart."
        },
        {
            "@type": "HowToStep",
            "text": "Bake cookies, rotating baking sheets top to bottom and front to back halfway through, until firm around edges but still soft in the middle, 8\u201310 minutes. Let cool."
        },
        {
            "@type": "HowToStep",
            "text": "Melt chocolate and butter in a small heatproof bowl set over a small saucepan of barely simmering water (do not let bowl touch water), stirring occasionally, or melt in a small microwave-safe bowl in a microwave in 20-second bursts, stirring between bursts. Add powdered sugar, salt, and 2 Tbsp. boiling water and whisk until glaze is smooth and glossy."
        },
        {
            "@type": "HowToStep",
            "text": "Dip tops of cookies into glaze and let sit, glaze side up, on a wire rack until glaze is set, about 2 hours."
        },
        {
            "@type": "HowToStep",
            "text": "Do ahead: Pizzettes can be made 5 days ahead. Store airtight at room temperature, or freeze up to 1 month."
        }
    ],
    "slug": "pizzettes",
    "categories": [],
    "tags": [],
    "dateAdded": {
        "$date": 1608422400000
    },
    "notes": [],
    "rating": 0,
    "orgURL": "https://www.bonappetit.com/recipe/chocolate-pizzettes-cookies",
    "extras": []
}