{
    "_id": {
        "$oid": "5fdfbdffd6c65139288e4330"
    },
    "name": "Tequila, Beer, and Citrus Cocktail",
    "description": "The holiday cocktail that takes you straight to the beach (and isn\u2019t that where you want to be anyway?). ",
    "image": "tequila-beer-and-citrus-cocktail.jpg",
    "recipeYield": "Makes 1",
    "recipeIngredient": [
        "\u00be oz. fresh grapefruit juice",
        "\u00be oz. fresh lime juice",
        "\u00bd oz. agave nectar",
        "2 Tbsp. red pepper jelly",
        "1\u00bd oz. tequila blanco",
        "1 12-oz. chilled Mexican beer",
        "Lime wedge (for serving)"
    ],
    "recipeInstructions": [
        {
            "@type": "HowToStep",
            "text": "Combine grapefruit juice, lime juice, agave, and jelly in a cocktail shaker filled with ice and shake until incorporated, 15\u201320 seconds. Add tequila and shake 10 seconds longer. Fill a tall glass to the top with ice. Pour in beer just to fill the glass halfway. Double-strain grapefruit mixture into glass; garnish with lime wedge."
        }
    ],
    "slug": "tequila-beer-and-citrus-cocktail",
    "categories": [],
    "tags": [],
    "dateAdded": {
        "$date": 1608422400000
    },
    "notes": [],
    "rating": 0,
    "orgURL": "https://www.bonappetit.com/recipe/tequila-beer-and-citrus-cocktail",
    "extras": []
}